{"stats":{"minecraft:custom":{"minecraft:inspect_dropper":49,"minecraft:mob_kills":3,"minecraft:inspect_hopper":18,"minecraft:tune_noteblock":32,"minecraft:play_one_minute":1107984,"minecraft:leave_game":10,"minecraft:time_since_death":184575,"minecraft:time_since_rest":184611,"minecraft:sprint_one_cm":354996,"minecraft:walk_one_cm":1645919,"minecraft:drop":20,"minecraft:damage_dealt":640,"minecraft:fly_one_cm":6086823,"minecraft:crouch_one_cm":69156,"minecraft:deaths":3,"minecraft:sneak_time":48642,"minecraft:jump":3112},"minecraft:killed":{"minecraft:wandering_trader":1,"minecraft:trader_llama":2},"minecraft:picked_up":{"minecraft:redstone_block":1,"minecraft:repeater":8,"minecraft:redstone_lamp":1,"minecraft:yellow_wool":2,"minecraft:leather":2,"minecraft:brown_wool":1,"minecraft:lead":2,"minecraft:pink_wool":1,"minecraft:sticky_piston":4,"minecraft:magenta_wool":1,"minecraft:oak_sign":11,"minecraft:smooth_stone":2,"minecraft:comparator":1,"minecraft:redstone_torch":14,"minecraft:wooden_shovel":6,"minecraft:piston":1,"minecraft:lime_wool":1,"minecraft:sandstone":2,"minecraft:red_wool":1,"minecraft:stone_button":17,"minecraft:warped_button":7,"minecraft:redstone":126,"minecraft:light_blue_wool":1,"minecraft:slime_block":1,"minecraft:honey_block":1,"minecraft:lever":16,"minecraft:black_wool":1,"minecraft:obsidian":1,"minecraft:white_wool":2},"minecraft:dropped":{"minecraft:piston":1,"minecraft:lever":3,"minecraft:sticky_piston":1,"minecraft:yellow_wool":2,"minecraft:lime_wool":1,"minecraft:red_wool":1,"minecraft:oak_sign":12,"minecraft:light_blue_wool":1,"minecraft:brown_wool":1,"minecraft:pink_wool":1,"minecraft:redstone_torch":2,"minecraft:sandstone":1,"minecraft:white_wool":1,"minecraft:magenta_wool":1,"minecraft:redstone":1,"minecraft:green_wool":1},"minecraft:used":{"minecraft:dropper":53,"minecraft:smooth_quartz_slab":212,"minecraft:redstone":6605,"minecraft:lime_wool":1114,"minecraft:oak_sign":60,"minecraft:sandstone":232,"minecraft:redstone_block":594,"minecraft:gold_ore":2,"minecraft:spruce_leaves":1,"minecraft:white_wool":1578,"minecraft:comparator":28,"minecraft:hopper":55,"minecraft:light_blue_wool":1431,"minecraft:orange_wool":487,"minecraft:note_block":5,"minecraft:obsidian":176,"minecraft:redstone_torch":502,"minecraft:sticky_piston":750,"minecraft:glass":3,"minecraft:piston":60,"minecraft:netherite_block":5,"minecraft:lever":67,"minecraft:honey_block":327,"minecraft:black_wool":1660,"minecraft:red_wool":66,"minecraft:quartz_slab":1,"minecraft:slime_block":463,"minecraft:brown_wool":59,"minecraft:stone_button":70,"minecraft:green_wool":12,"minecraft:smooth_quartz":9,"minecraft:pink_wool":1425,"minecraft:stone_brick_stairs":4,"minecraft:yellow_wool":1194,"minecraft:light_gray_wool":18,"minecraft:diamond_sword":10,"minecraft:repeater":803,"minecraft:redstone_lamp":166,"minecraft:cobblestone":5,"minecraft:magenta_wool":4,"minecraft:black_stained_glass":1,"minecraft:iron_trapdoor":3,"minecraft:smooth_stone_slab":67,"minecraft:warped_button":21,"minecraft:gray_wool":140,"minecraft:observer":344,"minecraft:smooth_stone":520,"minecraft:purple_wool":901}},"DataVersion":2586}